feature,correlation_with_control_steps
control_steps,1.0
states,0.9882745900219876
mux_area,0.8583808606541234
flipflops,0.7767014784399692
registers,0.7008306109030074
total_area,0.6878063089591637
area_est,0.6572070992218266
modules_instantiated,0.5747766201149047
performance_conflicts,0.4236872253722279
frequency_mhz,0.06037825279000589
dsp_coeff,0.056481077002851106
clock_period,-0.22002474346144876
min_slack,-0.26029853759196775
