feature,correlation_with_total_area
total_area,1.0
area_est,0.9984288815700824
mux_area,0.7041876731175222
modules_instantiated,0.7038038264520611
flipflops,0.6926559918431323
states,0.6914462887596465
control_steps,0.6878063089591637
registers,0.6342656040961738
performance_conflicts,0.4500018926209331
dsp_coeff,-6.763822419062091e-06
clock_period,-0.0015270629847263214
frequency_mhz,-0.26451940641101734
min_slack,-0.36097007600405023
