feature,correlation_with_frequency_mhz
frequency_mhz,1.0
performance_conflicts,0.16472368919975466
control_steps,0.06037825279000589
min_slack,0.056514841568598984
states,0.04860417775340153
dsp_coeff,-0.0019225770812795655
registers,-0.06321282385238652
modules_instantiated,-0.0736443515380375
flipflops,-0.10529839043138217
mux_area,-0.13971691114989923
total_area,-0.26451940641101734
area_est,-0.26777784465391796
clock_period,-0.9041018781777266
