,total_area,total_area,total_area,total_area,control_steps,control_steps,control_steps,control_steps,frequency_mhz,frequency_mhz,frequency_mhz,frequency_mhz,registers,registers,registers,registers,flipflops,flipflops,flipflops,flipflops,modules_instantiated,modules_instantiated,modules_instantiated,modules_instantiated,performance_conflicts,performance_conflicts,performance_conflicts,performance_conflicts,openroad_synth_chip_area,openroad_synth_chip_area,openroad_synth_chip_area,openroad_synth_chip_area,openroad_critical_path_delay,openroad_critical_path_delay,openroad_critical_path_delay,openroad_critical_path_delay,openroad_total_power,openroad_total_power,openroad_total_power,openroad_total_power
,mean,std,min,max,mean,std,min,max,mean,std,min,max,mean,std,min,max,mean,std,min,max,mean,std,min,max,mean,std,min,max,mean,std,min,max,mean,std,min,max,mean,std,min,max
clock_period,,,,,,,,,,,,,,,,,,,,,,,,,,,,,,,,,,,,,,,,
10,5914.778290993072,2226.7541757151052,1118,12280,80.59353348729792,54.715519793158926,6,258,101.19928514366433,2.14058990676069,100.00000000000009,106.76004605195467,45.046189376443415,23.21652689060535,15,145,1375.6166281755197,610.826649122662,439,3818,237.63972286374133,147.66544234480176,72,922,66.96304849884527,186.07334655477266,0,1208,42523.33633333333,14719.355559573121,11447.842,75947.788,4.407738888888889,1.3448374754807795,2.0771,5.8108,0.029401666666666666,0.06938327305202432,0.00219,0.295
15,5906.916666666667,2224.977389285256,1118,12159,59.629629629629626,37.0791071539419,5,171,70.73316228186164,9.966774264910395,66.6666666666667,106.76004605195403,43.995370370370374,22.755942633794174,15,144,1350.4259259259259,592.9866551235306,439,3754,237.59259259259258,147.7806135329877,72,922,11.25925925925926,51.80229601382411,0,420,,,,,,,,,,,,
