,total_area,total_area,total_area,total_area,control_steps,control_steps,control_steps,control_steps,frequency_mhz,frequency_mhz,frequency_mhz,frequency_mhz,registers,registers,registers,registers,flipflops,flipflops,flipflops,flipflops,modules_instantiated,modules_instantiated,modules_instantiated,modules_instantiated,performance_conflicts,performance_conflicts,performance_conflicts,performance_conflicts
,mean,std,min,max,mean,std,min,max,mean,std,min,max,mean,std,min,max,mean,std,min,max,mean,std,min,max,mean,std,min,max
opt_level,,,,,,,,,,,,,,,,,,,,,,,,,,,,
O0,5392.84375,1876.5336324613827,1118,8835,42.520833333333336,19.192394236146765,5,91,85.92277506582023,16.87132364417632,66.6666666666667,106.76004605195467,31.72222222222222,12.76452206766671,15,62,1019.75,362.0681880838187,439,1747,171.15972222222223,78.77535326138293,88,429,7.555555555555555,17.01271415429819,0,129
O2,5991.951388888889,2166.0879582613647,1531,10553,75.60416666666667,46.854094641439715,5,258,86.05601668550331,16.894680616975155,66.6666666666667,106.76004605195403,45.68055555555556,17.771939977429668,18,89,1403.125,484.6914011568606,521,2688,246.35416666666666,125.17051610121817,77,645,42.31944444444444,118.81925797861737,0,722
O3,6346.145833333333,2493.5810177829376,1531,12280,92.36111111111111,55.1701342110535,5,258,85.9227750653453,16.87132364358776,66.6666666666667,106.76004605195403,56.21527777777778,28.41189405802405,18,145,1667.638888888889,714.5549489491696,521,3818,295.4166666666667,189.42581495884411,72,922,67.67361111111111,205.5336160221423,0,1208
