,total_area,total_area,total_area,total_area,control_steps,control_steps,control_steps,control_steps,frequency_mhz,frequency_mhz,frequency_mhz,frequency_mhz,registers,registers,registers,registers,flipflops,flipflops,flipflops,flipflops,modules_instantiated,modules_instantiated,modules_instantiated,modules_instantiated,performance_conflicts,performance_conflicts,performance_conflicts,performance_conflicts
,mean,std,min,max,mean,std,min,max,mean,std,min,max,mean,std,min,max,mean,std,min,max,mean,std,min,max,mean,std,min,max
dsp_coeff,,,,,,,,,,,,,,,,,,,,,,,,,,,,
1.0,5910.3287037037035,2227.094338147159,1118,12280,67.45833333333333,44.41277721086991,5,222,85.99958417134442,16.89690960589015,66.6666666666667,106.76004605195467,44.539351851851855,23.000924576318045,15,145,1363.5046296296296,602.3061365394576,439,3818,237.6435185185185,147.80644443290544,72,922,39.182870370370374,139.5371745928876,0,1208
1.75,5910.298611111111,2227.1152340220106,1118,12280,72.86574074074075,51.05295492339878,5,258,85.93479370643479,16.841856297867484,66.6666666666667,106.76004605195467,44.539351851851855,23.000924576318045,15,145,1363.5046296296296,602.3061365394576,439,3818,237.6435185185185,147.80644443290544,72,922,39.182870370370374,139.5371745928876,0,1208
