,total_area,total_area,total_area,total_area,control_steps,control_steps,control_steps,control_steps,frequency_mhz,frequency_mhz,frequency_mhz,frequency_mhz,registers,registers,registers,registers,flipflops,flipflops,flipflops,flipflops,modules_instantiated,modules_instantiated,modules_instantiated,modules_instantiated,performance_conflicts,performance_conflicts,performance_conflicts,performance_conflicts
,mean,std,min,max,mean,std,min,max,mean,std,min,max,mean,std,min,max,mean,std,min,max,mean,std,min,max,mean,std,min,max
dataset_size,,,,,,,,,,,,,,,,,,,,,,,,,,,,
MEDIUM,5945.664351851852,2241.3180423343115,1118,12280,70.28703703703704,48.04977135874212,5,258,85.96718893888962,16.86943658750427,66.6666666666667,106.76004605195467,45.31481481481482,22.98053171744882,16,145,1370.1527777777778,603.9439516961897,439,3818,241.41203703703704,140.42184256266776,90,851,45.18055555555556,146.30264469166025,0,1208
SMALL,5874.962962962963,2212.234107874894,1118,12167,70.03703703703704,47.798965307545544,5,256,85.96718893888962,16.86943658750428,66.6666666666667,106.76004605195467,43.763888888888886,22.9951027100676,15,145,1356.8564814814815,600.5900986476746,441,3765,233.875,154.7472998088945,72,922,33.18518518518518,132.15396688448936,0,1178
