,total_area,total_area,total_area,total_area,control_steps,control_steps,control_steps,control_steps,frequency_mhz,frequency_mhz,frequency_mhz,frequency_mhz,registers,registers,registers,registers,flipflops,flipflops,flipflops,flipflops,modules_instantiated,modules_instantiated,modules_instantiated,modules_instantiated,performance_conflicts,performance_conflicts,performance_conflicts,performance_conflicts,openroad_synth_chip_area,openroad_synth_chip_area,openroad_synth_chip_area,openroad_synth_chip_area,openroad_critical_path_delay,openroad_critical_path_delay,openroad_critical_path_delay,openroad_critical_path_delay,openroad_total_power,openroad_total_power,openroad_total_power,openroad_total_power
,mean,std,min,max,mean,std,min,max,mean,std,min,max,mean,std,min,max,mean,std,min,max,mean,std,min,max,mean,std,min,max,mean,std,min,max,mean,std,min,max,mean,std,min,max
dataset_size,,,,,,,,,,,,,,,,,,,,,,,,,,,,,,,,,,,,,,,,
MEDIUM,5945.664351851852,2241.3180423343115,1118,12280,70.28703703703704,48.04977135874212,5,258,85.96718893888962,16.86943658750427,66.6666666666667,106.76004605195467,45.31481481481482,22.98053171744882,16,145,1370.1527777777778,603.9439516961897,439,3818,241.41203703703704,140.42184256266776,90,851,45.18055555555556,146.30264469166025,0,1208,,,,,,,,,,,,
SMALL,5876.120092378753,2209.8033523177583,1118,12167,69.96073903002309,47.77000096342016,5,256,86.00044099623688,16.864101324022585,66.6666666666667,106.76004605195467,43.729792147806,22.979428485528377,15,145,1355.9353348729792,600.2007152499232,441,3765,233.82909930715937,154.57104139021442,72,922,33.12009237875289,132.00787149646987,0,1178,42523.33633333333,14719.355559573121,11447.842,75947.788,4.407738888888889,1.3448374754807795,2.0771,5.8108,0.029401666666666666,0.06938327305202432,0.00219,0.295
