,total_area,total_area,total_area,total_area,control_steps,control_steps,control_steps,control_steps,frequency_mhz,frequency_mhz,frequency_mhz,frequency_mhz,registers,registers,registers,registers,flipflops,flipflops,flipflops,flipflops,modules_instantiated,modules_instantiated,modules_instantiated,modules_instantiated,performance_conflicts,performance_conflicts,performance_conflicts,performance_conflicts
,mean,std,min,max,mean,std,min,max,mean,std,min,max,mean,std,min,max,mean,std,min,max,mean,std,min,max,mean,std,min,max
clock_period,,,,,,,,,,,,,,,,,,,,,,,,,,,,
10,5913.710648148148,2229.2249643325104,1118,12280,80.69444444444444,54.738604036350914,6,258,101.20121559591759,2.14269436648514,100.00000000000009,106.76004605195467,45.083333333333336,23.23056031856781,15,145,1376.5833333333333,611.2031514507985,439,3818,237.69444444444446,147.83225323546415,72,922,67.10648148148148,186.26511743161691,0,1208
15,5906.916666666667,2224.977389285256,1118,12159,59.629629629629626,37.0791071539419,5,171,70.73316228186164,9.966774264910395,66.6666666666667,106.76004605195403,43.995370370370374,22.755942633794174,15,144,1350.4259259259259,592.9866551235306,439,3754,237.59259259259258,147.7806135329877,72,922,11.25925925925926,51.80229601382411,0,420
