,total_area,total_area,total_area,total_area,control_steps,control_steps,control_steps,control_steps,frequency_mhz,frequency_mhz,frequency_mhz,frequency_mhz,registers,registers,registers,registers,flipflops,flipflops,flipflops,flipflops,modules_instantiated,modules_instantiated,modules_instantiated,modules_instantiated,performance_conflicts,performance_conflicts,performance_conflicts,performance_conflicts
,mean,std,min,max,mean,std,min,max,mean,std,min,max,mean,std,min,max,mean,std,min,max,mean,std,min,max,mean,std,min,max
mem_policy,,,,,,,,,,,,,,,,,,,,,,,,,,,,
ALL_BRAM,5763.833333333333,2203.5658361917745,1118,11772,69.66666666666667,47.99632623218722,5,258,86.00487209717579,16.81984568202132,66.6666666666667,106.76004605195403,42.58796296296296,21.429247821567618,15,130,1305.5462962962963,560.9626112460161,439,3431,237.65740740740742,147.8216246224614,72,922,46.10648148148148,142.96340860231413,0,1208
LSS,6056.793981481482,2240.820502830017,1420,12280,70.6574074074074,47.84781792832192,5,252,85.92950578060344,16.918798011749715,66.6666666666667,106.76004605195467,46.49074074074074,24.31540444215414,16,145,1421.462962962963,635.7140775665252,471,3818,237.62962962962962,147.79126137587986,72,922,32.25925925925926,135.67097981239442,0,1178
