,total_area,total_area,total_area,total_area,control_steps,control_steps,control_steps,control_steps,frequency_mhz,frequency_mhz,frequency_mhz,frequency_mhz,registers,registers,registers,registers,flipflops,flipflops,flipflops,flipflops,modules_instantiated,modules_instantiated,modules_instantiated,modules_instantiated,performance_conflicts,performance_conflicts,performance_conflicts,performance_conflicts,openroad_synth_chip_area,openroad_synth_chip_area,openroad_synth_chip_area,openroad_synth_chip_area,openroad_critical_path_delay,openroad_critical_path_delay,openroad_critical_path_delay,openroad_critical_path_delay,openroad_total_power,openroad_total_power,openroad_total_power,openroad_total_power
,mean,std,min,max,mean,std,min,max,mean,std,min,max,mean,std,min,max,mean,std,min,max,mean,std,min,max,mean,std,min,max,mean,std,min,max,mean,std,min,max,mean,std,min,max
opt_level,,,,,,,,,,,,,,,,,,,,,,,,,,,,,,,,,,,,,,,,
O0,5396.245674740484,1874.165437932284,1118,8835,42.50173010380623,19.161797310352018,5,91,85.97274930355184,16.863421314002768,66.6666666666667,106.76004605195467,31.71280276816609,12.74334829618064,15,62,1019.5363321799308,361.4573024409512,439,1747,171.30795847750866,78.67883891738082,88,429,7.546712802768166,16.983817806424295,0,129,42523.33633333333,14719.355559573121,11447.842,75947.788,4.407738888888889,1.3448374754807795,2.0771,5.8108,0.029401666666666666,0.06938327305202432,0.00219,0.295
O2,5991.951388888889,2166.0879582613647,1531,10553,75.60416666666667,46.854094641439715,5,258,86.05601668550331,16.894680616975155,66.6666666666667,106.76004605195403,45.68055555555556,17.771939977429668,18,89,1403.125,484.6914011568606,521,2688,246.35416666666666,125.17051610121817,77,645,42.31944444444444,118.81925797861737,0,722,,,,,,,,,,,,
O3,6346.145833333333,2493.5810177829376,1531,12280,92.36111111111111,55.1701342110535,5,258,85.9227750653453,16.87132364358776,66.6666666666667,106.76004605195403,56.21527777777778,28.41189405802405,18,145,1667.638888888889,714.5549489491696,521,3818,295.4166666666667,189.42581495884411,72,922,67.67361111111111,205.5336160221423,0,1208,,,,,,,,,,,,
